{"cameraMode":{"drawMode":0,"name":"Shaded","section":"Shading Mode"},"sceneLighting":true,"audioPlay":false,"sceneViewState":{"m_AlwaysRefresh":false,"showFog":true,"showSkybox":true,"showFlares":true,"showImageEffects":true,"showParticleSystems":true,"showVisualEffectGraphs":true,"m_FxEnabled":false},"in2DMode":false,"pivot":{"x":13.379922866821289,"y":2.130246639251709,"z":-14.341716766357422},"rotation":{"x":-0.07104037702083588,"y":0.9201464653015137,"z":-0.19786342978477479,"w":-0.33036133646965029},"size":1.8146519660949708,"orthographic":false}